route,method,seed,dimension,horizon,batch_size,kappa,drift_step_norm,beta,gamma,label_noise_variance,tail_squared_tracking_error,final_squared_tracking_error,oracle
raw_minibatch,sgd,0,50,5000,256,10.0,0.01,0.0,0.1,0.5,0.006763545972824349,0.0072246056629216605,literal Gaussian-design raw mini-batch
raw_minibatch,sgd,1,50,5000,256,10.0,0.01,0.0,0.1,0.5,0.006811678317276204,0.00606666201885637,literal Gaussian-design raw mini-batch
raw_minibatch,sgd,2,50,5000,256,10.0,0.01,0.0,0.1,0.5,0.006743837435427806,0.007371240885900953,literal Gaussian-design raw mini-batch
raw_minibatch,sgd,3,50,5000,256,10.0,0.01,0.0,0.1,0.5,0.0067460206840621395,0.007170589760373085,literal Gaussian-design raw mini-batch
raw_minibatch,sgd,4,50,5000,256,10.0,0.01,0.0,0.1,0.5,0.006762605612299362,0.006429920243457388,literal Gaussian-design raw mini-batch
raw_minibatch,sgd,5,50,5000,256,10.0,0.01,0.0,0.1,0.5,0.0067944792552633825,0.007838713617559391,literal Gaussian-design raw mini-batch
raw_minibatch,sgd,6,50,5000,256,10.0,0.01,0.0,0.1,0.5,0.006893571596687786,0.005817381274619591,literal Gaussian-design raw mini-batch
raw_minibatch,sgd,7,50,5000,256,10.0,0.01,0.0,0.1,0.5,0.006802325743331727,0.006958765223436719,literal Gaussian-design raw mini-batch
raw_minibatch,sgd,8,50,5000,256,10.0,0.01,0.0,0.1,0.5,0.006755317679174159,0.008318918264655792,literal Gaussian-design raw mini-batch
raw_minibatch,sgd,9,50,5000,256,10.0,0.01,0.0,0.1,0.5,0.006800679018048765,0.007301897192446807,literal Gaussian-design raw mini-batch
raw_minibatch,sgd,10,50,5000,256,10.0,0.01,0.0,0.1,0.5,0.0067680769905264174,0.006695033979428013,literal Gaussian-design raw mini-batch
raw_minibatch,sgd,11,50,5000,256,10.0,0.01,0.0,0.1,0.5,0.006709817895703312,0.006497210127776258,literal Gaussian-design raw mini-batch
raw_minibatch,sgd,12,50,5000,256,10.0,0.01,0.0,0.1,0.5,0.006732590429516225,0.006342208730866745,literal Gaussian-design raw mini-batch
raw_minibatch,sgd,13,50,5000,256,10.0,0.01,0.0,0.1,0.5,0.006703333138384536,0.009502185396828667,literal Gaussian-design raw mini-batch
raw_minibatch,sgd,14,50,5000,256,10.0,0.01,0.0,0.1,0.5,0.006827165968440268,0.006019515352892351,literal Gaussian-design raw mini-batch
raw_minibatch,sgd,15,50,5000,256,10.0,0.01,0.0,0.1,0.5,0.006766699654630553,0.006220757435344245,literal Gaussian-design raw mini-batch
raw_minibatch,sgd,16,50,5000,256,10.0,0.01,0.0,0.1,0.5,0.006733467255311559,0.006327599964693661,literal Gaussian-design raw mini-batch
raw_minibatch,sgd,17,50,5000,256,10.0,0.01,0.0,0.1,0.5,0.006727338406335275,0.006757492272929591,literal Gaussian-design raw mini-batch
raw_minibatch,sgd,18,50,5000,256,10.0,0.01,0.0,0.1,0.5,0.006791428856516286,0.005131115768551896,literal Gaussian-design raw mini-batch
raw_minibatch,sgd,19,50,5000,256,10.0,0.01,0.0,0.1,0.5,0.00685151767442467,0.007817946140285196,literal Gaussian-design raw mini-batch
raw_minibatch,hb,0,50,5000,256,10.0,0.01,0.9,0.1,0.5,0.09917008253243234,0.08212658548733938,literal Gaussian-design raw mini-batch
raw_minibatch,hb,1,50,5000,256,10.0,0.01,0.9,0.1,0.5,0.10542078766871618,0.15687616141495447,literal Gaussian-design raw mini-batch
raw_minibatch,hb,2,50,5000,256,10.0,0.01,0.9,0.1,0.5,0.1042387981165702,0.08987706555382609,literal Gaussian-design raw mini-batch
raw_minibatch,hb,3,50,5000,256,10.0,0.01,0.9,0.1,0.5,0.10038084243301636,0.108634009897475,literal Gaussian-design raw mini-batch
raw_minibatch,hb,4,50,5000,256,10.0,0.01,0.9,0.1,0.5,0.10822753554373168,0.09787633301287187,literal Gaussian-design raw mini-batch
raw_minibatch,hb,5,50,5000,256,10.0,0.01,0.9,0.1,0.5,0.10125938628186848,0.06223018456542504,literal Gaussian-design raw mini-batch
raw_minibatch,hb,6,50,5000,256,10.0,0.01,0.9,0.1,0.5,0.10465234498535772,0.0973523194095412,literal Gaussian-design raw mini-batch
raw_minibatch,hb,7,50,5000,256,10.0,0.01,0.9,0.1,0.5,0.10033233072704463,0.07032956428274782,literal Gaussian-design raw mini-batch
raw_minibatch,hb,8,50,5000,256,10.0,0.01,0.9,0.1,0.5,0.10327592540621476,0.13031858536787014,literal Gaussian-design raw mini-batch
raw_minibatch,hb,9,50,5000,256,10.0,0.01,0.9,0.1,0.5,0.10391444862458733,0.09321541967603414,literal Gaussian-design raw mini-batch
raw_minibatch,hb,10,50,5000,256,10.0,0.01,0.9,0.1,0.5,0.10467781553779539,0.10702648444279646,literal Gaussian-design raw mini-batch
raw_minibatch,hb,11,50,5000,256,10.0,0.01,0.9,0.1,0.5,0.10399508987799165,0.09204851086665068,literal Gaussian-design raw mini-batch
raw_minibatch,hb,12,50,5000,256,10.0,0.01,0.9,0.1,0.5,0.10321731130591069,0.13781838133637409,literal Gaussian-design raw mini-batch
raw_minibatch,hb,13,50,5000,256,10.0,0.01,0.9,0.1,0.5,0.10112125359448731,0.11897276282426877,literal Gaussian-design raw mini-batch
raw_minibatch,hb,14,50,5000,256,10.0,0.01,0.9,0.1,0.5,0.10600058375672845,0.14671879322014156,literal Gaussian-design raw mini-batch
raw_minibatch,hb,15,50,5000,256,10.0,0.01,0.9,0.1,0.5,0.10028010348072014,0.08929146333440924,literal Gaussian-design raw mini-batch
raw_minibatch,hb,16,50,5000,256,10.0,0.01,0.9,0.1,0.5,0.10423993341856735,0.09056358306452782,literal Gaussian-design raw mini-batch
raw_minibatch,hb,17,50,5000,256,10.0,0.01,0.9,0.1,0.5,0.0993149407593502,0.10115904852439261,literal Gaussian-design raw mini-batch
raw_minibatch,hb,18,50,5000,256,10.0,0.01,0.9,0.1,0.5,0.10121547561754334,0.07191598855129029,literal Gaussian-design raw mini-batch
raw_minibatch,hb,19,50,5000,256,10.0,0.01,0.9,0.1,0.5,0.10731585002063727,0.10743116926952666,literal Gaussian-design raw mini-batch
raw_minibatch,nag,0,50,5000,256,10.0,0.01,0.9,0.1,0.5,0.0197935067947709,0.018603093010882987,literal Gaussian-design raw mini-batch
raw_minibatch,nag,1,50,5000,256,10.0,0.01,0.9,0.1,0.5,0.020029860127790115,0.026571498215916377,literal Gaussian-design raw mini-batch
raw_minibatch,nag,2,50,5000,256,10.0,0.01,0.9,0.1,0.5,0.019941672313074116,0.01917368683829494,literal Gaussian-design raw mini-batch
raw_minibatch,nag,3,50,5000,256,10.0,0.01,0.9,0.1,0.5,0.01996496181504107,0.021886318714828514,literal Gaussian-design raw mini-batch
raw_minibatch,nag,4,50,5000,256,10.0,0.01,0.9,0.1,0.5,0.019799199745904435,0.017474281906760918,literal Gaussian-design raw mini-batch
raw_minibatch,nag,5,50,5000,256,10.0,0.01,0.9,0.1,0.5,0.01969195837672764,0.019458675694213497,literal Gaussian-design raw mini-batch
raw_minibatch,nag,6,50,5000,256,10.0,0.01,0.9,0.1,0.5,0.020254480169396464,0.017432891230508743,literal Gaussian-design raw mini-batch
raw_minibatch,nag,7,50,5000,256,10.0,0.01,0.9,0.1,0.5,0.019760510386733064,0.020156952559733026,literal Gaussian-design raw mini-batch
raw_minibatch,nag,8,50,5000,256,10.0,0.01,0.9,0.1,0.5,0.019764674083109324,0.018817514856199192,literal Gaussian-design raw mini-batch
raw_minibatch,nag,9,50,5000,256,10.0,0.01,0.9,0.1,0.5,0.019763396970369912,0.014129240297644346,literal Gaussian-design raw mini-batch
raw_minibatch,nag,10,50,5000,256,10.0,0.01,0.9,0.1,0.5,0.01983359923780977,0.01491314132403035,literal Gaussian-design raw mini-batch
raw_minibatch,nag,11,50,5000,256,10.0,0.01,0.9,0.1,0.5,0.01981726632593776,0.019843909165290673,literal Gaussian-design raw mini-batch
raw_minibatch,nag,12,50,5000,256,10.0,0.01,0.9,0.1,0.5,0.019640549664582597,0.01796047309831053,literal Gaussian-design raw mini-batch
raw_minibatch,nag,13,50,5000,256,10.0,0.01,0.9,0.1,0.5,0.019778785829031777,0.02985725495881124,literal Gaussian-design raw mini-batch
raw_minibatch,nag,14,50,5000,256,10.0,0.01,0.9,0.1,0.5,0.01992575507088613,0.020686717259560724,literal Gaussian-design raw mini-batch
raw_minibatch,nag,15,50,5000,256,10.0,0.01,0.9,0.1,0.5,0.019715400486086367,0.018605144709765226,literal Gaussian-design raw mini-batch
raw_minibatch,nag,16,50,5000,256,10.0,0.01,0.9,0.1,0.5,0.019880834160083048,0.017518952147495524,literal Gaussian-design raw mini-batch
raw_minibatch,nag,17,50,5000,256,10.0,0.01,0.9,0.1,0.5,0.019895928430123794,0.01496021415934555,literal Gaussian-design raw mini-batch
raw_minibatch,nag,18,50,5000,256,10.0,0.01,0.9,0.1,0.5,0.019903689084735565,0.010358444067149992,literal Gaussian-design raw mini-batch
raw_minibatch,nag,19,50,5000,256,10.0,0.01,0.9,0.1,0.5,0.02006019648107839,0.021345497048053566,literal Gaussian-design raw mini-batch
raw_minibatch,sgd,0,50,5000,256,1000.0,0.01,0.0,0.001,0.5,0.009095332601109075,0.0092324318551585,literal Gaussian-design raw mini-batch
raw_minibatch,sgd,1,50,5000,256,1000.0,0.01,0.0,0.001,0.5,0.006766960095683607,0.009155791455128277,literal Gaussian-design raw mini-batch
raw_minibatch,sgd,2,50,5000,256,1000.0,0.01,0.0,0.001,0.5,0.006021996816054358,0.007143458256243186,literal Gaussian-design raw mini-batch
raw_minibatch,sgd,3,50,5000,256,1000.0,0.01,0.0,0.001,0.5,0.009151932667876736,0.0062865747678446686,literal Gaussian-design raw mini-batch
raw_minibatch,sgd,4,50,5000,256,1000.0,0.01,0.0,0.001,0.5,0.007620994253251591,0.007052096696616579,literal Gaussian-design raw mini-batch
raw_minibatch,sgd,5,50,5000,256,1000.0,0.01,0.0,0.001,0.5,0.006080300194397847,0.008477887073786565,literal Gaussian-design raw mini-batch
raw_minibatch,sgd,6,50,5000,256,1000.0,0.01,0.0,0.001,0.5,0.008572253280668475,0.015654174154582853,literal Gaussian-design raw mini-batch
raw_minibatch,sgd,7,50,5000,256,1000.0,0.01,0.0,0.001,0.5,0.007758174833957872,0.007618333283320983,literal Gaussian-design raw mini-batch
raw_minibatch,sgd,8,50,5000,256,1000.0,0.01,0.0,0.001,0.5,0.008435312248864187,0.00424045446508955,literal Gaussian-design raw mini-batch
raw_minibatch,sgd,9,50,5000,256,1000.0,0.01,0.0,0.001,0.5,0.007127827896681359,0.005733617192670671,literal Gaussian-design raw mini-batch
raw_minibatch,sgd,10,50,5000,256,1000.0,0.01,0.0,0.001,0.5,0.005518113427574734,0.007200877690513579,literal Gaussian-design raw mini-batch
raw_minibatch,sgd,11,50,5000,256,1000.0,0.01,0.0,0.001,0.5,0.006404389634203875,0.007335986529466148,literal Gaussian-design raw mini-batch
raw_minibatch,sgd,12,50,5000,256,1000.0,0.01,0.0,0.001,0.5,0.007490201576797044,0.005262667926527891,literal Gaussian-design raw mini-batch
raw_minibatch,sgd,13,50,5000,256,1000.0,0.01,0.0,0.001,0.5,0.010270993721945633,0.006535860828002241,literal Gaussian-design raw mini-batch
raw_minibatch,sgd,14,50,5000,256,1000.0,0.01,0.0,0.001,0.5,0.005535138376339837,0.007027796930383534,literal Gaussian-design raw mini-batch
raw_minibatch,sgd,15,50,5000,256,1000.0,0.01,0.0,0.001,0.5,0.006384012776818168,0.006803352669572958,literal Gaussian-design raw mini-batch
raw_minibatch,sgd,16,50,5000,256,1000.0,0.01,0.0,0.001,0.5,0.007352478034596118,0.012242702636547987,literal Gaussian-design raw mini-batch
raw_minibatch,sgd,17,50,5000,256,1000.0,0.01,0.0,0.001,0.5,0.007151601008372929,0.009790513772877221,literal Gaussian-design raw mini-batch
raw_minibatch,sgd,18,50,5000,256,1000.0,0.01,0.0,0.001,0.5,0.007813375875800534,0.007728341476735781,literal Gaussian-design raw mini-batch
raw_minibatch,sgd,19,50,5000,256,1000.0,0.01,0.0,0.001,0.5,0.0065374765438953545,0.0019090176642002187,literal Gaussian-design raw mini-batch
raw_minibatch,hb,0,50,5000,256,1000.0,0.01,0.9,0.001,0.5,0.0019512446254198199,0.0018922593602786917,literal Gaussian-design raw mini-batch
raw_minibatch,hb,1,50,5000,256,1000.0,0.01,0.9,0.001,0.5,0.0019077081474389078,0.0019562504216836685,literal Gaussian-design raw mini-batch
raw_minibatch,hb,2,50,5000,256,1000.0,0.01,0.9,0.001,0.5,0.001899615232662541,0.001840013024046891,literal Gaussian-design raw mini-batch
raw_minibatch,hb,3,50,5000,256,1000.0,0.01,0.9,0.001,0.5,0.001883129223697363,0.0014164434135468683,literal Gaussian-design raw mini-batch
raw_minibatch,hb,4,50,5000,256,1000.0,0.01,0.9,0.001,0.5,0.001947111248823948,0.00273848995634052,literal Gaussian-design raw mini-batch
raw_minibatch,hb,5,50,5000,256,1000.0,0.01,0.9,0.001,0.5,0.0018622993787765659,0.002139104867288116,literal Gaussian-design raw mini-batch
raw_minibatch,hb,6,50,5000,256,1000.0,0.01,0.9,0.001,0.5,0.0019332720835094235,0.0016627012522359575,literal Gaussian-design raw mini-batch
raw_minibatch,hb,7,50,5000,256,1000.0,0.01,0.9,0.001,0.5,0.0019995046034379043,0.0014093775242950055,literal Gaussian-design raw mini-batch
raw_minibatch,hb,8,50,5000,256,1000.0,0.01,0.9,0.001,0.5,0.0018390430044408796,0.001718959012093646,literal Gaussian-design raw mini-batch
raw_minibatch,hb,9,50,5000,256,1000.0,0.01,0.9,0.001,0.5,0.0018624608536721055,0.0019873128947299067,literal Gaussian-design raw mini-batch
raw_minibatch,hb,10,50,5000,256,1000.0,0.01,0.9,0.001,0.5,0.0018004250955647998,0.0021076837126715402,literal Gaussian-design raw mini-batch
raw_minibatch,hb,11,50,5000,256,1000.0,0.01,0.9,0.001,0.5,0.0019214646877189605,0.0015244835184502572,literal Gaussian-design raw mini-batch
raw_minibatch,hb,12,50,5000,256,1000.0,0.01,0.9,0.001,0.5,0.0018754355955532666,0.0017623506656777794,literal Gaussian-design raw mini-batch
raw_minibatch,hb,13,50,5000,256,1000.0,0.01,0.9,0.001,0.5,0.0018328457538898263,0.001420207978050244,literal Gaussian-design raw mini-batch
raw_minibatch,hb,14,50,5000,256,1000.0,0.01,0.9,0.001,0.5,0.0018942089459776693,0.0016438748483953909,literal Gaussian-design raw mini-batch
raw_minibatch,hb,15,50,5000,256,1000.0,0.01,0.9,0.001,0.5,0.0018220071235907462,0.002230958924597002,literal Gaussian-design raw mini-batch
raw_minibatch,hb,16,50,5000,256,1000.0,0.01,0.9,0.001,0.5,0.0018411306012571626,0.0025168821523967946,literal Gaussian-design raw mini-batch
raw_minibatch,hb,17,50,5000,256,1000.0,0.01,0.9,0.001,0.5,0.001899287943702831,0.0022647671133634367,literal Gaussian-design raw mini-batch
raw_minibatch,hb,18,50,5000,256,1000.0,0.01,0.9,0.001,0.5,0.0019524414821015445,0.0016109010579152695,literal Gaussian-design raw mini-batch
raw_minibatch,hb,19,50,5000,256,1000.0,0.01,0.9,0.001,0.5,0.0018283855799243074,0.0014145764279101896,literal Gaussian-design raw mini-batch
raw_minibatch,nag,0,50,5000,256,1000.0,0.01,0.9,0.001,0.5,0.0014873187928144038,0.0011362491409348107,literal Gaussian-design raw mini-batch
raw_minibatch,nag,1,50,5000,256,1000.0,0.01,0.9,0.001,0.5,0.0014667081473000649,0.0011850665908954183,literal Gaussian-design raw mini-batch
raw_minibatch,nag,2,50,5000,256,1000.0,0.01,0.9,0.001,0.5,0.001383668667936517,0.0011074912148845684,literal Gaussian-design raw mini-batch
raw_minibatch,nag,3,50,5000,256,1000.0,0.01,0.9,0.001,0.5,0.001394099938763597,0.0006652093619677678,literal Gaussian-design raw mini-batch
raw_minibatch,nag,4,50,5000,256,1000.0,0.01,0.9,0.001,0.5,0.001471097734137396,0.0018038474160418678,literal Gaussian-design raw mini-batch
raw_minibatch,nag,5,50,5000,256,1000.0,0.01,0.9,0.001,0.5,0.0013683692465164094,0.001627897372339195,literal Gaussian-design raw mini-batch
raw_minibatch,nag,6,50,5000,256,1000.0,0.01,0.9,0.001,0.5,0.0014294718414788084,0.001222818513813933,literal Gaussian-design raw mini-batch
raw_minibatch,nag,7,50,5000,256,1000.0,0.01,0.9,0.001,0.5,0.0015086585802865822,0.0014542448323382618,literal Gaussian-design raw mini-batch
raw_minibatch,nag,8,50,5000,256,1000.0,0.01,0.9,0.001,0.5,0.001365705396141377,0.0012409709693050061,literal Gaussian-design raw mini-batch
raw_minibatch,nag,9,50,5000,256,1000.0,0.01,0.9,0.001,0.5,0.0013579049080731085,0.0012531399843083507,literal Gaussian-design raw mini-batch
raw_minibatch,nag,10,50,5000,256,1000.0,0.01,0.9,0.001,0.5,0.0013319667154642774,0.0011536324739703215,literal Gaussian-design raw mini-batch
raw_minibatch,nag,11,50,5000,256,1000.0,0.01,0.9,0.001,0.5,0.0014262187859110543,0.0006870928819619886,literal Gaussian-design raw mini-batch
raw_minibatch,nag,12,50,5000,256,1000.0,0.01,0.9,0.001,0.5,0.0014251739441942417,0.00142970606729402,literal Gaussian-design raw mini-batch
raw_minibatch,nag,13,50,5000,256,1000.0,0.01,0.9,0.001,0.5,0.001370906133708008,0.0010129301664704394,literal Gaussian-design raw mini-batch
raw_minibatch,nag,14,50,5000,256,1000.0,0.01,0.9,0.001,0.5,0.0013998564748370452,0.0009181530053978894,literal Gaussian-design raw mini-batch
raw_minibatch,nag,15,50,5000,256,1000.0,0.01,0.9,0.001,0.5,0.0013276931769719764,0.0017714232396543418,literal Gaussian-design raw mini-batch
raw_minibatch,nag,16,50,5000,256,1000.0,0.01,0.9,0.001,0.5,0.0013666748787314637,0.0019956219680915635,literal Gaussian-design raw mini-batch
raw_minibatch,nag,17,50,5000,256,1000.0,0.01,0.9,0.001,0.5,0.0014151342256258832,0.0016160501714254686,literal Gaussian-design raw mini-batch
raw_minibatch,nag,18,50,5000,256,1000.0,0.01,0.9,0.001,0.5,0.0014230666650390928,0.0012569384339665617,literal Gaussian-design raw mini-batch
raw_minibatch,nag,19,50,5000,256,1000.0,0.01,0.9,0.001,0.5,0.0013751484241518925,0.0011362741267067608,literal Gaussian-design raw mini-batch
