beta,method,seed,dimension,horizon,mu,smoothness,condition_number,drift_step_norm,noise_std,gamma,stability_cap,gamma_within_cap,tail_squared_tracking_error,final_squared_tracking_error
0.5,sgd,0,100,5000,1.0,10.0,10.0,0.01,0.02,0.008,0.01,True,0.002456634488113521,0.0022897158460920314
0.5,sgd,1,100,5000,1.0,10.0,10.0,0.01,0.02,0.008,0.01,True,0.0024161240009207647,0.002355260289790868
0.5,sgd,2,100,5000,1.0,10.0,10.0,0.01,0.02,0.008,0.01,True,0.002580803182040039,0.0026135352332401192
0.5,sgd,3,100,5000,1.0,10.0,10.0,0.01,0.02,0.008,0.01,True,0.002442261465330721,0.002843312669602671
0.5,sgd,4,100,5000,1.0,10.0,10.0,0.01,0.02,0.008,0.01,True,0.0024796315580247986,0.0026282570062327627
0.5,sgd,5,100,5000,1.0,10.0,10.0,0.01,0.02,0.008,0.01,True,0.002530305779530165,0.002221358661335588
0.5,sgd,6,100,5000,1.0,10.0,10.0,0.01,0.02,0.008,0.01,True,0.0023061840090959533,0.002047095207194317
0.5,sgd,7,100,5000,1.0,10.0,10.0,0.01,0.02,0.008,0.01,True,0.0023421022896269504,0.003015474724123405
0.5,sgd,8,100,5000,1.0,10.0,10.0,0.01,0.02,0.008,0.01,True,0.0023714050625023996,0.0027496248597640334
0.5,sgd,9,100,5000,1.0,10.0,10.0,0.01,0.02,0.008,0.01,True,0.002417878083406906,0.0024295558616166508
0.5,sgd,10,100,5000,1.0,10.0,10.0,0.01,0.02,0.008,0.01,True,0.002395691610084891,0.0020014255273763434
0.5,sgd,11,100,5000,1.0,10.0,10.0,0.01,0.02,0.008,0.01,True,0.0025591942602599034,0.0026582845087468553
0.5,sgd,12,100,5000,1.0,10.0,10.0,0.01,0.02,0.008,0.01,True,0.0024977298573546666,0.0023336258504629854
0.5,sgd,13,100,5000,1.0,10.0,10.0,0.01,0.02,0.008,0.01,True,0.0024105945005666396,0.0022992111365116715
0.5,sgd,14,100,5000,1.0,10.0,10.0,0.01,0.02,0.008,0.01,True,0.0025079957655213983,0.001997636584240047
0.5,sgd,15,100,5000,1.0,10.0,10.0,0.01,0.02,0.008,0.01,True,0.002420993082252931,0.0026977087532166306
0.5,sgd,16,100,5000,1.0,10.0,10.0,0.01,0.02,0.008,0.01,True,0.0025149459536100848,0.0031394923057192826
0.5,sgd,17,100,5000,1.0,10.0,10.0,0.01,0.02,0.008,0.01,True,0.0025455724840445794,0.0028673639244970617
0.5,sgd,18,100,5000,1.0,10.0,10.0,0.01,0.02,0.008,0.01,True,0.0026260227375078517,0.00218704529445868
0.5,sgd,19,100,5000,1.0,10.0,10.0,0.01,0.02,0.008,0.01,True,0.002309766565270879,0.0022515289868031193
0.5,hb,0,100,5000,1.0,10.0,10.0,0.01,0.02,0.0005,0.000625,True,0.023200939357284827,0.02274431817949171
0.5,hb,1,100,5000,1.0,10.0,10.0,0.01,0.02,0.0005,0.000625,True,0.017170162948671786,0.01767136530936713
0.5,hb,2,100,5000,1.0,10.0,10.0,0.01,0.02,0.0005,0.000625,True,0.0211906622456713,0.01763950456926723
0.5,hb,3,100,5000,1.0,10.0,10.0,0.01,0.02,0.0005,0.000625,True,0.019751439782403065,0.020714729037420748
0.5,hb,4,100,5000,1.0,10.0,10.0,0.01,0.02,0.0005,0.000625,True,0.019898742908166095,0.022010712946491272
0.5,hb,5,100,5000,1.0,10.0,10.0,0.01,0.02,0.0005,0.000625,True,0.019422608115529396,0.01761911069696127
0.5,hb,6,100,5000,1.0,10.0,10.0,0.01,0.02,0.0005,0.000625,True,0.020827655336845358,0.02068673652729062
0.5,hb,7,100,5000,1.0,10.0,10.0,0.01,0.02,0.0005,0.000625,True,0.01924124064251092,0.01811916288062113
0.5,hb,8,100,5000,1.0,10.0,10.0,0.01,0.02,0.0005,0.000625,True,0.022723640424463766,0.026668522977262406
0.5,hb,9,100,5000,1.0,10.0,10.0,0.01,0.02,0.0005,0.000625,True,0.025353751117927162,0.026462911667472055
0.5,hb,10,100,5000,1.0,10.0,10.0,0.01,0.02,0.0005,0.000625,True,0.02256952371609191,0.019657301213942633
0.5,hb,11,100,5000,1.0,10.0,10.0,0.01,0.02,0.0005,0.000625,True,0.020547439190905157,0.015803891651764275
0.5,hb,12,100,5000,1.0,10.0,10.0,0.01,0.02,0.0005,0.000625,True,0.020454947535497748,0.025745905227551897
0.5,hb,13,100,5000,1.0,10.0,10.0,0.01,0.02,0.0005,0.000625,True,0.02114153557304023,0.01558549826814338
0.5,hb,14,100,5000,1.0,10.0,10.0,0.01,0.02,0.0005,0.000625,True,0.019670469777768103,0.017040830713929016
0.5,hb,15,100,5000,1.0,10.0,10.0,0.01,0.02,0.0005,0.000625,True,0.020145451245027972,0.028593375928844207
0.5,hb,16,100,5000,1.0,10.0,10.0,0.01,0.02,0.0005,0.000625,True,0.02067375559528324,0.026309954432843393
0.5,hb,17,100,5000,1.0,10.0,10.0,0.01,0.02,0.0005,0.000625,True,0.018915570378220375,0.01819143002089271
0.5,hb,18,100,5000,1.0,10.0,10.0,0.01,0.02,0.0005,0.000625,True,0.02096032063372928,0.022728750735687458
0.5,hb,19,100,5000,1.0,10.0,10.0,0.01,0.02,0.0005,0.000625,True,0.02080932097058058,0.026666994145855927
0.5,nag,0,100,5000,1.0,10.0,10.0,0.01,0.02,0.0005,0.000625,True,0.01932836405659829,0.020588186786506976
0.5,nag,1,100,5000,1.0,10.0,10.0,0.01,0.02,0.0005,0.000625,True,0.018190493973386186,0.012888267555808004
0.5,nag,2,100,5000,1.0,10.0,10.0,0.01,0.02,0.0005,0.000625,True,0.01925545988722011,0.017405305495342166
0.5,nag,3,100,5000,1.0,10.0,10.0,0.01,0.02,0.0005,0.000625,True,0.01899219409520809,0.015584754664677371
0.5,nag,4,100,5000,1.0,10.0,10.0,0.01,0.02,0.0005,0.000625,True,0.016826404545641705,0.01852187378633328
0.5,nag,5,100,5000,1.0,10.0,10.0,0.01,0.02,0.0005,0.000625,True,0.01938509405510995,0.01799345044153115
0.5,nag,6,100,5000,1.0,10.0,10.0,0.01,0.02,0.0005,0.000625,True,0.02017884556467808,0.018122287286417908
0.5,nag,7,100,5000,1.0,10.0,10.0,0.01,0.02,0.0005,0.000625,True,0.021492470821785434,0.022093585471167417
0.5,nag,8,100,5000,1.0,10.0,10.0,0.01,0.02,0.0005,0.000625,True,0.01809895288852445,0.02442463996990763
0.5,nag,9,100,5000,1.0,10.0,10.0,0.01,0.02,0.0005,0.000625,True,0.020148742888286345,0.017779181003298995
0.5,nag,10,100,5000,1.0,10.0,10.0,0.01,0.02,0.0005,0.000625,True,0.02048941252707814,0.018270530536106375
0.5,nag,11,100,5000,1.0,10.0,10.0,0.01,0.02,0.0005,0.000625,True,0.02297188366726557,0.018880836056704927
0.5,nag,12,100,5000,1.0,10.0,10.0,0.01,0.02,0.0005,0.000625,True,0.018132804152072406,0.02282104202375961
0.5,nag,13,100,5000,1.0,10.0,10.0,0.01,0.02,0.0005,0.000625,True,0.02143838981261682,0.02387674014719376
0.5,nag,14,100,5000,1.0,10.0,10.0,0.01,0.02,0.0005,0.000625,True,0.01881464970223174,0.01625383796032784
0.5,nag,15,100,5000,1.0,10.0,10.0,0.01,0.02,0.0005,0.000625,True,0.01740142492062597,0.023807096423054685
0.5,nag,16,100,5000,1.0,10.0,10.0,0.01,0.02,0.0005,0.000625,True,0.018558635601795853,0.014021155622538592
0.5,nag,17,100,5000,1.0,10.0,10.0,0.01,0.02,0.0005,0.000625,True,0.017890682086515133,0.019634886882656247
0.5,nag,18,100,5000,1.0,10.0,10.0,0.01,0.02,0.0005,0.000625,True,0.018994582972115072,0.019110519630395867
0.5,nag,19,100,5000,1.0,10.0,10.0,0.01,0.02,0.0005,0.000625,True,0.01987536287767155,0.015456475977614664
0.9,sgd,0,100,5000,1.0,10.0,10.0,0.01,0.02,0.008,0.01,True,0.002379227136175345,0.002115131692907302
0.9,sgd,1,100,5000,1.0,10.0,10.0,0.01,0.02,0.008,0.01,True,0.0023600399092038185,0.0024008195296760454
0.9,sgd,2,100,5000,1.0,10.0,10.0,0.01,0.02,0.008,0.01,True,0.002400845585853527,0.0022844422497241912
0.9,sgd,3,100,5000,1.0,10.0,10.0,0.01,0.02,0.008,0.01,True,0.0023836400307894667,0.0021421398981444407
0.9,sgd,4,100,5000,1.0,10.0,10.0,0.01,0.02,0.008,0.01,True,0.0024355876511871133,0.002439234521872354
0.9,sgd,5,100,5000,1.0,10.0,10.0,0.01,0.02,0.008,0.01,True,0.0024030135219661433,0.002406003170367856
0.9,sgd,6,100,5000,1.0,10.0,10.0,0.01,0.02,0.008,0.01,True,0.0025145480026100902,0.0028552538515983373
0.9,sgd,7,100,5000,1.0,10.0,10.0,0.01,0.02,0.008,0.01,True,0.0025088246196236933,0.0024268422245681295
0.9,sgd,8,100,5000,1.0,10.0,10.0,0.01,0.02,0.008,0.01,True,0.002454121338574156,0.003119844876236381
0.9,sgd,9,100,5000,1.0,10.0,10.0,0.01,0.02,0.008,0.01,True,0.0023772826664005004,0.0033637774523920193
0.9,sgd,10,100,5000,1.0,10.0,10.0,0.01,0.02,0.008,0.01,True,0.0025816890556385245,0.002423280430443812
0.9,sgd,11,100,5000,1.0,10.0,10.0,0.01,0.02,0.008,0.01,True,0.0024093366475856797,0.002618457458701339
0.9,sgd,12,100,5000,1.0,10.0,10.0,0.01,0.02,0.008,0.01,True,0.0022706954621506403,0.002217654899949234
0.9,sgd,13,100,5000,1.0,10.0,10.0,0.01,0.02,0.008,0.01,True,0.00232292007226163,0.002584562453034828
0.9,sgd,14,100,5000,1.0,10.0,10.0,0.01,0.02,0.008,0.01,True,0.0023212597190804853,0.001675391657067292
0.9,sgd,15,100,5000,1.0,10.0,10.0,0.01,0.02,0.008,0.01,True,0.0023915646162141714,0.0029966276869076588
0.9,sgd,16,100,5000,1.0,10.0,10.0,0.01,0.02,0.008,0.01,True,0.00231669644591724,0.0024662245284402706
0.9,sgd,17,100,5000,1.0,10.0,10.0,0.01,0.02,0.008,0.01,True,0.0023891565560049378,0.0022944908969881835
0.9,sgd,18,100,5000,1.0,10.0,10.0,0.01,0.02,0.008,0.01,True,0.002507638241806431,0.003265885706293617
0.9,sgd,19,100,5000,1.0,10.0,10.0,0.01,0.02,0.008,0.01,True,0.00242925622131985,0.002568294655301518
0.9,hb,0,100,5000,1.0,10.0,10.0,0.01,0.02,1.999999999999999e-05,2.4999999999999988e-05,True,0.08384431652372129,0.07414415483458016
0.9,hb,1,100,5000,1.0,10.0,10.0,0.01,0.02,1.999999999999999e-05,2.4999999999999988e-05,True,0.08528950248813684,0.07626391926993777
0.9,hb,2,100,5000,1.0,10.0,10.0,0.01,0.02,1.999999999999999e-05,2.4999999999999988e-05,True,0.08200982210328703,0.08424546904069984
0.9,hb,3,100,5000,1.0,10.0,10.0,0.01,0.02,1.999999999999999e-05,2.4999999999999988e-05,True,0.08426612042497325,0.09297370120339025
0.9,hb,4,100,5000,1.0,10.0,10.0,0.01,0.02,1.999999999999999e-05,2.4999999999999988e-05,True,0.09048494736426436,0.10200210986070636
0.9,hb,5,100,5000,1.0,10.0,10.0,0.01,0.02,1.999999999999999e-05,2.4999999999999988e-05,True,0.07630314372764559,0.09458788745713564
0.9,hb,6,100,5000,1.0,10.0,10.0,0.01,0.02,1.999999999999999e-05,2.4999999999999988e-05,True,0.08123120704392595,0.07250548101545691
0.9,hb,7,100,5000,1.0,10.0,10.0,0.01,0.02,1.999999999999999e-05,2.4999999999999988e-05,True,0.10024529461291379,0.10711645130586303
0.9,hb,8,100,5000,1.0,10.0,10.0,0.01,0.02,1.999999999999999e-05,2.4999999999999988e-05,True,0.08707902907921335,0.0833633657550628
0.9,hb,9,100,5000,1.0,10.0,10.0,0.01,0.02,1.999999999999999e-05,2.4999999999999988e-05,True,0.09307897661963713,0.10218746426143008
0.9,hb,10,100,5000,1.0,10.0,10.0,0.01,0.02,1.999999999999999e-05,2.4999999999999988e-05,True,0.08969444902883893,0.09343381584240698
0.9,hb,11,100,5000,1.0,10.0,10.0,0.01,0.02,1.999999999999999e-05,2.4999999999999988e-05,True,0.0943063258930184,0.08861358127117903
0.9,hb,12,100,5000,1.0,10.0,10.0,0.01,0.02,1.999999999999999e-05,2.4999999999999988e-05,True,0.07325789526647485,0.07742479006499027
0.9,hb,13,100,5000,1.0,10.0,10.0,0.01,0.02,1.999999999999999e-05,2.4999999999999988e-05,True,0.09159225815608302,0.08151871847071007
0.9,hb,14,100,5000,1.0,10.0,10.0,0.01,0.02,1.999999999999999e-05,2.4999999999999988e-05,True,0.09026047500251635,0.07863951840260887
0.9,hb,15,100,5000,1.0,10.0,10.0,0.01,0.02,1.999999999999999e-05,2.4999999999999988e-05,True,0.11127045727786833,0.08547001031865806
0.9,hb,16,100,5000,1.0,10.0,10.0,0.01,0.02,1.999999999999999e-05,2.4999999999999988e-05,True,0.08032327893815353,0.09041958748784712
0.9,hb,17,100,5000,1.0,10.0,10.0,0.01,0.02,1.999999999999999e-05,2.4999999999999988e-05,True,0.09746468163766667,0.08377670130234974
0.9,hb,18,100,5000,1.0,10.0,10.0,0.01,0.02,1.999999999999999e-05,2.4999999999999988e-05,True,0.08097080915765532,0.08780824804224088
0.9,hb,19,100,5000,1.0,10.0,10.0,0.01,0.02,1.999999999999999e-05,2.4999999999999988e-05,True,0.08280022617735477,0.08630696801124807
0.9,nag,0,100,5000,1.0,10.0,10.0,0.01,0.02,1.999999999999999e-05,2.4999999999999988e-05,True,0.08520089982373216,0.08281216239475007
0.9,nag,1,100,5000,1.0,10.0,10.0,0.01,0.02,1.999999999999999e-05,2.4999999999999988e-05,True,0.0978161797064426,0.09493282681502255
0.9,nag,2,100,5000,1.0,10.0,10.0,0.01,0.02,1.999999999999999e-05,2.4999999999999988e-05,True,0.12683825359242823,0.10535519378855468
0.9,nag,3,100,5000,1.0,10.0,10.0,0.01,0.02,1.999999999999999e-05,2.4999999999999988e-05,True,0.08278762136269592,0.08162922548085993
0.9,nag,4,100,5000,1.0,10.0,10.0,0.01,0.02,1.999999999999999e-05,2.4999999999999988e-05,True,0.11978662791717855,0.08865269974746644
0.9,nag,5,100,5000,1.0,10.0,10.0,0.01,0.02,1.999999999999999e-05,2.4999999999999988e-05,True,0.0854059275069781,0.08484159884246248
0.9,nag,6,100,5000,1.0,10.0,10.0,0.01,0.02,1.999999999999999e-05,2.4999999999999988e-05,True,0.10723275927895402,0.11637488712864955
0.9,nag,7,100,5000,1.0,10.0,10.0,0.01,0.02,1.999999999999999e-05,2.4999999999999988e-05,True,0.09972783055761009,0.10689391396583799
0.9,nag,8,100,5000,1.0,10.0,10.0,0.01,0.02,1.999999999999999e-05,2.4999999999999988e-05,True,0.08448464844719926,0.09552221750611585
0.9,nag,9,100,5000,1.0,10.0,10.0,0.01,0.02,1.999999999999999e-05,2.4999999999999988e-05,True,0.07584877399615975,0.0710209966095267
0.9,nag,10,100,5000,1.0,10.0,10.0,0.01,0.02,1.999999999999999e-05,2.4999999999999988e-05,True,0.0887044231061241,0.08944451323438564
0.9,nag,11,100,5000,1.0,10.0,10.0,0.01,0.02,1.999999999999999e-05,2.4999999999999988e-05,True,0.08230424569362717,0.06761138687492414
0.9,nag,12,100,5000,1.0,10.0,10.0,0.01,0.02,1.999999999999999e-05,2.4999999999999988e-05,True,0.08613375442494779,0.08716618015298534
0.9,nag,13,100,5000,1.0,10.0,10.0,0.01,0.02,1.999999999999999e-05,2.4999999999999988e-05,True,0.12846225359147254,0.1163960419500666
0.9,nag,14,100,5000,1.0,10.0,10.0,0.01,0.02,1.999999999999999e-05,2.4999999999999988e-05,True,0.10145652909410684,0.10439432423890378
0.9,nag,15,100,5000,1.0,10.0,10.0,0.01,0.02,1.999999999999999e-05,2.4999999999999988e-05,True,0.11647163329111489,0.1258503043659425
0.9,nag,16,100,5000,1.0,10.0,10.0,0.01,0.02,1.999999999999999e-05,2.4999999999999988e-05,True,0.09524769639485291,0.10104126834579454
0.9,nag,17,100,5000,1.0,10.0,10.0,0.01,0.02,1.999999999999999e-05,2.4999999999999988e-05,True,0.1032659056921056,0.0869413560000398
0.9,nag,18,100,5000,1.0,10.0,10.0,0.01,0.02,1.999999999999999e-05,2.4999999999999988e-05,True,0.09196184582942853,0.10855874817148083
0.9,nag,19,100,5000,1.0,10.0,10.0,0.01,0.02,1.999999999999999e-05,2.4999999999999988e-05,True,0.09313375416369293,0.11960207970543281
0.95,sgd,0,100,5000,1.0,10.0,10.0,0.01,0.02,0.008,0.01,True,0.0024742550624355973,0.0023801399632861733
0.95,sgd,1,100,5000,1.0,10.0,10.0,0.01,0.02,0.008,0.01,True,0.002499138537166531,0.0019659853950613855
0.95,sgd,2,100,5000,1.0,10.0,10.0,0.01,0.02,0.008,0.01,True,0.002305631769019906,0.0028397769306572293
0.95,sgd,3,100,5000,1.0,10.0,10.0,0.01,0.02,0.008,0.01,True,0.0025427225098306537,0.0017686671827384756
0.95,sgd,4,100,5000,1.0,10.0,10.0,0.01,0.02,0.008,0.01,True,0.0023070716137563786,0.0024043193427184693
0.95,sgd,5,100,5000,1.0,10.0,10.0,0.01,0.02,0.008,0.01,True,0.0024931158744149824,0.0020959000380800044
0.95,sgd,6,100,5000,1.0,10.0,10.0,0.01,0.02,0.008,0.01,True,0.0023547956174708646,0.0026628556271567636
0.95,sgd,7,100,5000,1.0,10.0,10.0,0.01,0.02,0.008,0.01,True,0.002482571275345517,0.0018673681898119623
0.95,sgd,8,100,5000,1.0,10.0,10.0,0.01,0.02,0.008,0.01,True,0.0023850642040559263,0.002774388763361064
0.95,sgd,9,100,5000,1.0,10.0,10.0,0.01,0.02,0.008,0.01,True,0.0024146985224161137,0.002379171064461572
0.95,sgd,10,100,5000,1.0,10.0,10.0,0.01,0.02,0.008,0.01,True,0.0025017392310500773,0.001549443572195369
0.95,sgd,11,100,5000,1.0,10.0,10.0,0.01,0.02,0.008,0.01,True,0.0023640230209595503,0.0027574777930182057
0.95,sgd,12,100,5000,1.0,10.0,10.0,0.01,0.02,0.008,0.01,True,0.0025566887296256777,0.001989477413824769
0.95,sgd,13,100,5000,1.0,10.0,10.0,0.01,0.02,0.008,0.01,True,0.002357648440747332,0.0026395852488924876
0.95,sgd,14,100,5000,1.0,10.0,10.0,0.01,0.02,0.008,0.01,True,0.00261286159565296,0.0021376715516301147
0.95,sgd,15,100,5000,1.0,10.0,10.0,0.01,0.02,0.008,0.01,True,0.0025126691810475224,0.002179984497270956
0.95,sgd,16,100,5000,1.0,10.0,10.0,0.01,0.02,0.008,0.01,True,0.0024180087231713636,0.0023880452313671794
0.95,sgd,17,100,5000,1.0,10.0,10.0,0.01,0.02,0.008,0.01,True,0.002542729059952902,0.0023097819235051924
0.95,sgd,18,100,5000,1.0,10.0,10.0,0.01,0.02,0.008,0.01,True,0.0024649211590525395,0.002362343399596285
0.95,sgd,19,100,5000,1.0,10.0,10.0,0.01,0.02,0.008,0.01,True,0.0023900878008722725,0.00290269175409216
0.95,hb,0,100,5000,1.0,10.0,10.0,0.01,0.02,5.00000000000001e-06,6.250000000000011e-06,True,0.14168948672613693,0.18453249043265918
0.95,hb,1,100,5000,1.0,10.0,10.0,0.01,0.02,5.00000000000001e-06,6.250000000000011e-06,True,0.13783401192680886,0.16663899382199415
0.95,hb,2,100,5000,1.0,10.0,10.0,0.01,0.02,5.00000000000001e-06,6.250000000000011e-06,True,0.14165396878995404,0.17303480554060277
0.95,hb,3,100,5000,1.0,10.0,10.0,0.01,0.02,5.00000000000001e-06,6.250000000000011e-06,True,0.14769671061949677,0.16590740089307646
0.95,hb,4,100,5000,1.0,10.0,10.0,0.01,0.02,5.00000000000001e-06,6.250000000000011e-06,True,0.2092456370032754,0.2464066816195507
0.95,hb,5,100,5000,1.0,10.0,10.0,0.01,0.02,5.00000000000001e-06,6.250000000000011e-06,True,0.14122170488667804,0.19411238384741417
0.95,hb,6,100,5000,1.0,10.0,10.0,0.01,0.02,5.00000000000001e-06,6.250000000000011e-06,True,0.1848966130057783,0.17763681520248742
0.95,hb,7,100,5000,1.0,10.0,10.0,0.01,0.02,5.00000000000001e-06,6.250000000000011e-06,True,0.1204497794988962,0.15289251597353404
0.95,hb,8,100,5000,1.0,10.0,10.0,0.01,0.02,5.00000000000001e-06,6.250000000000011e-06,True,0.19356767070494,0.18610176244320997
0.95,hb,9,100,5000,1.0,10.0,10.0,0.01,0.02,5.00000000000001e-06,6.250000000000011e-06,True,0.16287522024003342,0.18862848439404512
0.95,hb,10,100,5000,1.0,10.0,10.0,0.01,0.02,5.00000000000001e-06,6.250000000000011e-06,True,0.15128626219746946,0.19423491953352665
0.95,hb,11,100,5000,1.0,10.0,10.0,0.01,0.02,5.00000000000001e-06,6.250000000000011e-06,True,0.14260166951427602,0.15869041770093914
0.95,hb,12,100,5000,1.0,10.0,10.0,0.01,0.02,5.00000000000001e-06,6.250000000000011e-06,True,0.13016265767539023,0.1380000791152224
0.95,hb,13,100,5000,1.0,10.0,10.0,0.01,0.02,5.00000000000001e-06,6.250000000000011e-06,True,0.1440870426085228,0.16279628676779673
0.95,hb,14,100,5000,1.0,10.0,10.0,0.01,0.02,5.00000000000001e-06,6.250000000000011e-06,True,0.12561602951285158,0.10479990708938768
0.95,hb,15,100,5000,1.0,10.0,10.0,0.01,0.02,5.00000000000001e-06,6.250000000000011e-06,True,0.15214905020190317,0.17150575003621032
0.95,hb,16,100,5000,1.0,10.0,10.0,0.01,0.02,5.00000000000001e-06,6.250000000000011e-06,True,0.11107620533820256,0.10754602373329317
0.95,hb,17,100,5000,1.0,10.0,10.0,0.01,0.02,5.00000000000001e-06,6.250000000000011e-06,True,0.15554491618689387,0.16914529782780802
0.95,hb,18,100,5000,1.0,10.0,10.0,0.01,0.02,5.00000000000001e-06,6.250000000000011e-06,True,0.14987874920777627,0.15630417349147874
0.95,hb,19,100,5000,1.0,10.0,10.0,0.01,0.02,5.00000000000001e-06,6.250000000000011e-06,True,0.17362505804989592,0.2089776002259659
0.95,nag,0,100,5000,1.0,10.0,10.0,0.01,0.02,5.00000000000001e-06,6.250000000000011e-06,True,0.13869719300968944,0.13417334255122096
0.95,nag,1,100,5000,1.0,10.0,10.0,0.01,0.02,5.00000000000001e-06,6.250000000000011e-06,True,0.15629071786453405,0.18003219057704942
0.95,nag,2,100,5000,1.0,10.0,10.0,0.01,0.02,5.00000000000001e-06,6.250000000000011e-06,True,0.12415938548100829,0.15237312347652174
0.95,nag,3,100,5000,1.0,10.0,10.0,0.01,0.02,5.00000000000001e-06,6.250000000000011e-06,True,0.13930769840967233,0.1347497795119925
0.95,nag,4,100,5000,1.0,10.0,10.0,0.01,0.02,5.00000000000001e-06,6.250000000000011e-06,True,0.13066804274337906,0.17810632601657933
0.95,nag,5,100,5000,1.0,10.0,10.0,0.01,0.02,5.00000000000001e-06,6.250000000000011e-06,True,0.13736150599001706,0.15774369513301664
0.95,nag,6,100,5000,1.0,10.0,10.0,0.01,0.02,5.00000000000001e-06,6.250000000000011e-06,True,0.15453420782249555,0.16679803384754802
0.95,nag,7,100,5000,1.0,10.0,10.0,0.01,0.02,5.00000000000001e-06,6.250000000000011e-06,True,0.14108707344978458,0.16434554955430933
0.95,nag,8,100,5000,1.0,10.0,10.0,0.01,0.02,5.00000000000001e-06,6.250000000000011e-06,True,0.15702667841426607,0.1588756788831485
0.95,nag,9,100,5000,1.0,10.0,10.0,0.01,0.02,5.00000000000001e-06,6.250000000000011e-06,True,0.13379756633819997,0.13380152414864632
0.95,nag,10,100,5000,1.0,10.0,10.0,0.01,0.02,5.00000000000001e-06,6.250000000000011e-06,True,0.14543087824366618,0.17612373393824798
0.95,nag,11,100,5000,1.0,10.0,10.0,0.01,0.02,5.00000000000001e-06,6.250000000000011e-06,True,0.16165479011176245,0.17208183105522873
0.95,nag,12,100,5000,1.0,10.0,10.0,0.01,0.02,5.00000000000001e-06,6.250000000000011e-06,True,0.14231291393446385,0.15880376387187106
0.95,nag,13,100,5000,1.0,10.0,10.0,0.01,0.02,5.00000000000001e-06,6.250000000000011e-06,True,0.1430384228836582,0.1406363943330691
0.95,nag,14,100,5000,1.0,10.0,10.0,0.01,0.02,5.00000000000001e-06,6.250000000000011e-06,True,0.13954276116090067,0.1729022132428339
0.95,nag,15,100,5000,1.0,10.0,10.0,0.01,0.02,5.00000000000001e-06,6.250000000000011e-06,True,0.15288311792846537,0.20181175457575282
0.95,nag,16,100,5000,1.0,10.0,10.0,0.01,0.02,5.00000000000001e-06,6.250000000000011e-06,True,0.1286099629013231,0.16361470177094867
0.95,nag,17,100,5000,1.0,10.0,10.0,0.01,0.02,5.00000000000001e-06,6.250000000000011e-06,True,0.1477104282772375,0.12929481316990224
0.95,nag,18,100,5000,1.0,10.0,10.0,0.01,0.02,5.00000000000001e-06,6.250000000000011e-06,True,0.15497915246373786,0.16386136679525584
0.95,nag,19,100,5000,1.0,10.0,10.0,0.01,0.02,5.00000000000001e-06,6.250000000000011e-06,True,0.12634852526382914,0.12635490534986357
0.98,sgd,0,100,5000,1.0,10.0,10.0,0.01,0.02,0.008,0.01,True,0.002419610308763388,0.0023131050855063374
0.98,sgd,1,100,5000,1.0,10.0,10.0,0.01,0.02,0.008,0.01,True,0.0024581372243549877,0.0019425004267183445
0.98,sgd,2,100,5000,1.0,10.0,10.0,0.01,0.02,0.008,0.01,True,0.002380704002019163,0.0019639220451699497
0.98,sgd,3,100,5000,1.0,10.0,10.0,0.01,0.02,0.008,0.01,True,0.0023239541680661596,0.0022171125845753563
0.98,sgd,4,100,5000,1.0,10.0,10.0,0.01,0.02,0.008,0.01,True,0.002443209709192126,0.0026094627071338687
0.98,sgd,5,100,5000,1.0,10.0,10.0,0.01,0.02,0.008,0.01,True,0.0024774354893233688,0.0028883308567877208
0.98,sgd,6,100,5000,1.0,10.0,10.0,0.01,0.02,0.008,0.01,True,0.002334022958981128,0.0022495570167900747
0.98,sgd,7,100,5000,1.0,10.0,10.0,0.01,0.02,0.008,0.01,True,0.0025128694191256214,0.0023503255759658183
0.98,sgd,8,100,5000,1.0,10.0,10.0,0.01,0.02,0.008,0.01,True,0.00244772731150503,0.001970400516830473
0.98,sgd,9,100,5000,1.0,10.0,10.0,0.01,0.02,0.008,0.01,True,0.0024808041715160714,0.002652703250480403
0.98,sgd,10,100,5000,1.0,10.0,10.0,0.01,0.02,0.008,0.01,True,0.0024596154148734135,0.0015084900528699065
0.98,sgd,11,100,5000,1.0,10.0,10.0,0.01,0.02,0.008,0.01,True,0.0025691468836785726,0.0024106059351233214
0.98,sgd,12,100,5000,1.0,10.0,10.0,0.01,0.02,0.008,0.01,True,0.00230906801828838,0.0024905031551847707
0.98,sgd,13,100,5000,1.0,10.0,10.0,0.01,0.02,0.008,0.01,True,0.00238288802656385,0.002400137555064343
0.98,sgd,14,100,5000,1.0,10.0,10.0,0.01,0.02,0.008,0.01,True,0.002403567809298004,0.002669320847892398
0.98,sgd,15,100,5000,1.0,10.0,10.0,0.01,0.02,0.008,0.01,True,0.002431836655063304,0.0023290723988002924
0.98,sgd,16,100,5000,1.0,10.0,10.0,0.01,0.02,0.008,0.01,True,0.002475421340868203,0.0022183210454524765
0.98,sgd,17,100,5000,1.0,10.0,10.0,0.01,0.02,0.008,0.01,True,0.0023932489690119928,0.002162108078943501
0.98,sgd,18,100,5000,1.0,10.0,10.0,0.01,0.02,0.008,0.01,True,0.0023000420971566976,0.002662094048340076
0.98,sgd,19,100,5000,1.0,10.0,10.0,0.01,0.02,0.008,0.01,True,0.0023443722460604176,0.0024336393577894947
0.98,hb,0,100,5000,1.0,10.0,10.0,0.01,0.02,8.000000000000016e-07,1.0000000000000019e-06,True,0.29223543312204736,0.33292831031653364
0.98,hb,1,100,5000,1.0,10.0,10.0,0.01,0.02,8.000000000000016e-07,1.0000000000000019e-06,True,0.2051499517530166,0.25271999572561604
0.98,hb,2,100,5000,1.0,10.0,10.0,0.01,0.02,8.000000000000016e-07,1.0000000000000019e-06,True,0.24795488606222474,0.24903242536774547
0.98,hb,3,100,5000,1.0,10.0,10.0,0.01,0.02,8.000000000000016e-07,1.0000000000000019e-06,True,0.22042183313881142,0.2869453646361926
0.98,hb,4,100,5000,1.0,10.0,10.0,0.01,0.02,8.000000000000016e-07,1.0000000000000019e-06,True,0.24479740698733057,0.2979585179919852
0.98,hb,5,100,5000,1.0,10.0,10.0,0.01,0.02,8.000000000000016e-07,1.0000000000000019e-06,True,0.23959073696522915,0.26423062559372185
0.98,hb,6,100,5000,1.0,10.0,10.0,0.01,0.02,8.000000000000016e-07,1.0000000000000019e-06,True,0.26172184303589024,0.3173476085672681
0.98,hb,7,100,5000,1.0,10.0,10.0,0.01,0.02,8.000000000000016e-07,1.0000000000000019e-06,True,0.2092322404241971,0.25448186819696716
0.98,hb,8,100,5000,1.0,10.0,10.0,0.01,0.02,8.000000000000016e-07,1.0000000000000019e-06,True,0.2208696863966241,0.29545194270313024
0.98,hb,9,100,5000,1.0,10.0,10.0,0.01,0.02,8.000000000000016e-07,1.0000000000000019e-06,True,0.24923125441713692,0.292266298634171
0.98,hb,10,100,5000,1.0,10.0,10.0,0.01,0.02,8.000000000000016e-07,1.0000000000000019e-06,True,0.24161566975682594,0.3028533344426386
0.98,hb,11,100,5000,1.0,10.0,10.0,0.01,0.02,8.000000000000016e-07,1.0000000000000019e-06,True,0.22089242489283933,0.2640544252030394
0.98,hb,12,100,5000,1.0,10.0,10.0,0.01,0.02,8.000000000000016e-07,1.0000000000000019e-06,True,0.19339055766854166,0.24290274673417658
0.98,hb,13,100,5000,1.0,10.0,10.0,0.01,0.02,8.000000000000016e-07,1.0000000000000019e-06,True,0.22411836032480115,0.2488432000923489
0.98,hb,14,100,5000,1.0,10.0,10.0,0.01,0.02,8.000000000000016e-07,1.0000000000000019e-06,True,0.2818040641846795,0.3062990267104
0.98,hb,15,100,5000,1.0,10.0,10.0,0.01,0.02,8.000000000000016e-07,1.0000000000000019e-06,True,0.24374952260454183,0.27345900191387934
0.98,hb,16,100,5000,1.0,10.0,10.0,0.01,0.02,8.000000000000016e-07,1.0000000000000019e-06,True,0.19085811388259888,0.23080382626990426
0.98,hb,17,100,5000,1.0,10.0,10.0,0.01,0.02,8.000000000000016e-07,1.0000000000000019e-06,True,0.3113442147929737,0.3577864431305329
0.98,hb,18,100,5000,1.0,10.0,10.0,0.01,0.02,8.000000000000016e-07,1.0000000000000019e-06,True,0.23894583185753349,0.2757715221928044
0.98,hb,19,100,5000,1.0,10.0,10.0,0.01,0.02,8.000000000000016e-07,1.0000000000000019e-06,True,0.19172362499833095,0.19427051763828088
0.98,nag,0,100,5000,1.0,10.0,10.0,0.01,0.02,8.000000000000016e-07,1.0000000000000019e-06,True,0.20984619334464338,0.24849761631292608
0.98,nag,1,100,5000,1.0,10.0,10.0,0.01,0.02,8.000000000000016e-07,1.0000000000000019e-06,True,0.2369702464565469,0.25497436883048513
0.98,nag,2,100,5000,1.0,10.0,10.0,0.01,0.02,8.000000000000016e-07,1.0000000000000019e-06,True,0.26826003983921765,0.30612902695403466
0.98,nag,3,100,5000,1.0,10.0,10.0,0.01,0.02,8.000000000000016e-07,1.0000000000000019e-06,True,0.23583018939159162,0.221934518589723
0.98,nag,4,100,5000,1.0,10.0,10.0,0.01,0.02,8.000000000000016e-07,1.0000000000000019e-06,True,0.23094922525603562,0.272247718389968
0.98,nag,5,100,5000,1.0,10.0,10.0,0.01,0.02,8.000000000000016e-07,1.0000000000000019e-06,True,0.2116821230524828,0.2510433115436019
0.98,nag,6,100,5000,1.0,10.0,10.0,0.01,0.02,8.000000000000016e-07,1.0000000000000019e-06,True,0.2358257070562632,0.3027279185697324
0.98,nag,7,100,5000,1.0,10.0,10.0,0.01,0.02,8.000000000000016e-07,1.0000000000000019e-06,True,0.27416362328735916,0.3284462096026793
0.98,nag,8,100,5000,1.0,10.0,10.0,0.01,0.02,8.000000000000016e-07,1.0000000000000019e-06,True,0.2623901161528075,0.33165017381683104
0.98,nag,9,100,5000,1.0,10.0,10.0,0.01,0.02,8.000000000000016e-07,1.0000000000000019e-06,True,0.1878216265694457,0.19976535542255128
0.98,nag,10,100,5000,1.0,10.0,10.0,0.01,0.02,8.000000000000016e-07,1.0000000000000019e-06,True,0.225871210217088,0.24466945735268852
0.98,nag,11,100,5000,1.0,10.0,10.0,0.01,0.02,8.000000000000016e-07,1.0000000000000019e-06,True,0.2699628010060283,0.35787915942843906
0.98,nag,12,100,5000,1.0,10.0,10.0,0.01,0.02,8.000000000000016e-07,1.0000000000000019e-06,True,0.19293646930935304,0.22577324250688235
0.98,nag,13,100,5000,1.0,10.0,10.0,0.01,0.02,8.000000000000016e-07,1.0000000000000019e-06,True,0.24138552091232232,0.2839634207598126
0.98,nag,14,100,5000,1.0,10.0,10.0,0.01,0.02,8.000000000000016e-07,1.0000000000000019e-06,True,0.2102756736938276,0.22287632304470203
0.98,nag,15,100,5000,1.0,10.0,10.0,0.01,0.02,8.000000000000016e-07,1.0000000000000019e-06,True,0.22000038207538014,0.25982028907530397
0.98,nag,16,100,5000,1.0,10.0,10.0,0.01,0.02,8.000000000000016e-07,1.0000000000000019e-06,True,0.21742459980375525,0.27854176322738633
0.98,nag,17,100,5000,1.0,10.0,10.0,0.01,0.02,8.000000000000016e-07,1.0000000000000019e-06,True,0.20135108213769348,0.25746981118095763
0.98,nag,18,100,5000,1.0,10.0,10.0,0.01,0.02,8.000000000000016e-07,1.0000000000000019e-06,True,0.2771653617962805,0.32577281642524947
0.98,nag,19,100,5000,1.0,10.0,10.0,0.01,0.02,8.000000000000016e-07,1.0000000000000019e-06,True,0.22743025288397006,0.260524622062798
