kappa,gamma,method,mode,eigenvalue,spectral_radius,stationary_squared_tracking_error,lyapunov_max_abs_residual
10.0,0.1,sgd,0,1.0,0.9,0.00011132236842105269,0.0
10.0,0.1,sgd,1,1.0481131341546857,0.8951886865845314,0.00011112562756660234,1.3552527156068805e-20
10.0,0.1,sgd,2,1.0985411419875581,0.8901458858012442,0.00011096401254727424,6.776263578034403e-21
10.0,0.1,sgd,3,1.1513953993264474,0.8848604600673553,0.00011083738609882398,6.776263578034403e-21
10.0,0.1,sgd,4,1.2067926406393286,0.8793207359360671,0.00011074571253616059,3.3881317890172014e-21
10.0,0.1,sgd,5,1.264855216855296,0.8735144783144704,0.00011068906051463032,6.776263578034403e-21
10.0,0.1,sgd,6,1.3257113655901092,0.867428863440989,0.0001106676063788696,6.776263578034403e-21
10.0,0.1,sgd,7,1.3894954943731377,0.8610504505626863,0.00011068163815581607,6.776263578034403e-21
10.0,0.1,sgd,8,1.4563484775012439,0.8543651522498756,0.00011073156025740349,0.0
10.0,0.1,sgd,9,1.5264179671752334,0.8473582032824767,0.00011081789896884589,0.0
10.0,0.1,sgd,10,1.599858719606058,0.8400141280393942,0.00011094130881048255,6.776263578034403e-21
10.0,0.1,sgd,11,1.676832936811008,0.8323167063188992,0.00011110257987525051,6.776263578034403e-21
10.0,0.1,sgd,12,1.7575106248547918,0.8242489375145208,0.00011130264626035522,0.0
10.0,0.1,sgd,13,1.842069969326716,0.8157930030673284,0.00011154259573110774,0.0
10.0,0.1,sgd,14,1.93069772888325,0.806930227111675,0.00011182368077776979,0.0
10.0,0.1,sgd,15,2.023589647725157,0.7976410352274843,0.00011214733125330604,0.0
10.0,0.1,sgd,16,2.120950887920191,0.7879049112079809,0.00011251516881207214,0.0
10.0,0.1,sgd,17,2.2229964825261948,0.7777003517473805,0.00011292902340774933,0.0
10.0,0.1,sgd,18,2.329951810515372,0.7670048189484628,0.00011339095215461581,6.776263578034403e-21
10.0,0.1,sgd,19,2.442053094548651,0.7557946905451349,0.00011390326091120483,1.3552527156068805e-20
10.0,0.1,sgd,20,2.5595479226995357,0.7440452077300463,0.00011446852901163459,0.0
10.0,0.1,sgd,21,2.6826957952797255,0.7317304204720274,0.00011508963765004507,6.776263578034403e-21
10.0,0.1,sgd,22,2.8117686979742302,0.7188231302025769,0.0001157698025209777,0.0
10.0,0.1,sgd,23,2.9470517025518106,0.7052948297448189,0.00011651261143742097,6.776263578034403e-21
10.0,0.1,sgd,24,3.088843596477481,0.6911156403522518,0.00011732206779401784,0.0
10.0,0.1,sgd,25,3.237457542817644,0.6762542457182356,0.00011820264092254166,0.0
10.0,0.1,sgd,26,3.393221771895328,0.6606778228104672,0.00011915932460914625,0.0
10.0,0.1,sgd,27,3.5564803062231287,0.6443519693776871,0.00012019770531973983,0.0
10.0,0.1,sgd,28,3.72759372031494,0.627240627968506,0.00012132404202634217,0.0
10.0,0.1,sgd,29,3.906939937054617,0.6093060062945383,0.00012254535996351445,0.0
10.0,0.1,sgd,30,4.094915062380425,0.5905084937619576,0.0001238695611964834,1.3552527156068805e-20
10.0,0.1,sgd,31,4.2919342601287775,0.5708065739871222,0.0001253055555869288,0.0
10.0,0.1,sgd,32,4.498432668969445,0.5501567331030555,0.00012686341664638136,0.0
10.0,0.1,sgd,33,4.714866363457394,0.5285133636542606,0.00012855456793570976,0.0
10.0,0.1,sgd,34,4.941713361323834,0.5058286638676166,0.00013039200719118255,0.0
10.0,0.1,sgd,35,5.17947467923121,0.48205253207687904,0.00013239057735602228,0.0
10.0,0.1,sgd,36,5.428675439323859,0.4571324560676141,0.00013456729634290677,0.0
10.0,0.1,sgd,37,5.689866029018296,0.43101339709817044,0.00013694176088979663,0.0
10.0,0.1,sgd,38,5.963623316594643,0.4036376683405357,0.00013953664464455207,0.0
10.0,0.1,sgd,39,6.250551925273971,0.37494480747260284,0.00014237831712249853,0.0
10.0,0.1,sgd,40,6.551285568595508,0.34487144314044915,0.00014549761915617877,2.710505431213761e-20
10.0,0.1,sgd,41,6.866488450043,0.3133511549957,0.00014893084298208997,0.0
10.0,0.1,sgd,42,7.196856730011519,0.28031432699884806,0.00015272098281762374,0.0
10.0,0.1,sgd,43,7.543120063354617,0.2456879936645383,0.00015691934717040516,2.710505431213761e-20
10.0,0.1,sgd,44,7.906043210907698,0.20939567890923017,0.0001615876610805713,2.710505431213761e-20
10.0,0.1,sgd,45,8.286427728546842,0.17135722714531576,0.0001668008411944081,0.0
10.0,0.1,sgd,46,8.685113737513525,0.13148862624864743,0.00017265070899901954,0.0
10.0,0.1,sgd,47,9.102981779915218,0.0897018220084781,0.00017925103426911444,2.710505431213761e-20
10.0,0.1,sgd,48,9.54095476349994,0.04590452365000597,0.00018674449990845323,0.0
10.0,0.1,sgd,49,10.0,0.0,0.0001953125,0.0
10.0,0.1,hb,0,1.0,0.9486832980505139,0.0010117128378378387,6.776263578034403e-20
10.0,0.1,hb,1,1.0481131341546857,0.948683298050514,0.0010129855341424483,2.168404344971009e-19
10.0,0.1,hb,2,1.0985411419875581,0.9486832980505138,0.0010143274702788733,7.453889935837843e-20
10.0,0.1,hb,3,1.1513953993264474,0.9486832980505139,0.0010157421598080566,6.098637220230962e-20
10.0,0.1,hb,4,1.2067926406393286,0.9486832980505139,0.0010172333345417838,9.825582188149884e-20
10.0,0.1,hb,5,1.264855216855296,0.9486832980505139,0.0010188049589995745,6.098637220230962e-20
10.0,0.1,hb,6,1.3257113655901092,0.9486832980505138,0.0010204612460801208,1.1519648082658485e-19
10.0,0.1,hb,7,1.3894954943731377,0.9486832980505138,0.001022206674065663,7.453889935837843e-20
10.0,0.1,hb,8,1.4563484775012439,0.948683298050514,0.0010240460050913477,1.6263032587282567e-19
10.0,0.1,hb,9,1.5264179671752334,0.948683298050514,0.0010259843052272011,3.7269449679189215e-20
10.0,0.1,hb,10,1.599858719606058,0.9486832980505139,0.0010280269663379257,3.3881317890172014e-20
10.0,0.1,hb,11,1.676832936811008,0.948683298050514,0.0010301797299057285,1.2874900798265365e-19
10.0,0.1,hb,12,1.7575106248547918,0.9486832980505139,0.001032448713024147,6.776263578034403e-20
10.0,0.1,hb,13,1.842069969326716,0.9486832980505139,0.0010348404367967455,5.421010862427522e-20
10.0,0.1,hb,14,1.93069772888325,0.9486832980505138,0.0010373618574041898,1.3552527156068805e-20
10.0,0.1,hb,15,2.023589647725157,0.9486832980505139,0.0010400204001370752,2.710505431213761e-20
10.0,0.1,hb,16,2.120950887920191,0.9486832980505137,0.0010428239967307238,3.3881317890172014e-20
10.0,0.1,hb,17,2.2229964825261948,0.9486832980505138,0.001045781126382856,4.0657581468206416e-20
10.0,0.1,hb,18,2.329951810515372,0.9486832980505139,0.0010489008608863932,1.0164395367051604e-19
10.0,0.1,hb,19,2.442053094548651,0.9486832980505139,0.0010521929143690325,9.486769009248164e-20
10.0,0.1,hb,20,2.5595479226995357,0.9486832980505137,0.0010556676981998592,2.0328790734103208e-20
10.0,0.1,hb,21,2.6826957952797255,0.9486832980505138,0.0010593363817028652,1.4230153513872246e-19
10.0,0.1,hb,22,2.8117686979742302,0.9486832980505139,0.0010632109594097662,1.8295911660692887e-19
10.0,0.1,hb,23,2.9470517025518106,0.9486832980505139,0.001067304325692395,6.098637220230962e-20
10.0,0.1,hb,24,3.088843596477481,0.948683298050514,0.0010716303577409094,1.4907779871675686e-19
10.0,0.1,hb,25,3.237457542817644,0.9486832980505139,0.0010762040080017968,1.7618285302889447e-19
10.0,0.1,hb,26,3.393221771895328,0.9486832980505139,0.0010810414073631155,5.421010862427522e-20
10.0,0.1,hb,27,3.5564803062231287,0.9486832980505137,0.0010861599805789904,6.776263578034403e-20
10.0,0.1,hb,28,3.72759372031494,0.9486832980505139,0.0010915785756670975,4.0657581468206416e-20
10.0,0.1,hb,29,3.906939937054617,0.948683298050514,0.001097317609299644,4.0657581468206416e-20
10.0,0.1,hb,30,4.094915062380425,0.948683298050514,0.0011033992305494763,2.168404344971009e-19
10.0,0.1,hb,31,4.2919342601287775,0.9486832980505139,0.0011098475057602975,2.710505431213761e-20
10.0,0.1,hb,32,4.498432668969445,0.9486832980505139,0.001116688627798022,8.131516293641283e-20
10.0,0.1,hb,33,4.714866363457394,0.9486832980505139,0.001123951153527259,5.421010862427522e-20
10.0,0.1,hb,34,4.941713361323834,0.9486832980505139,0.0011316662740656232,1.2197274440461925e-19
10.0,0.1,hb,35,5.17947467923121,0.9486832980505138,0.0011398681232275875,1.8973538018496328e-19
10.0,0.1,hb,36,5.428675439323859,0.9486832980505139,0.0011485941306154086,1.0842021724855044e-19
10.0,0.1,hb,37,5.689866029018296,0.9486832980505137,0.0011578854270933193,9.486769009248164e-20
10.0,0.1,hb,38,5.963623316594643,0.948683298050514,0.0011677873119519191,1.3552527156068805e-19
10.0,0.1,hb,39,6.250551925273971,0.948683298050514,0.0011783497930084224,8.131516293641283e-20
10.0,0.1,hb,40,6.551285568595508,0.9486832980505138,0.0011896282132936038,1.0842021724855044e-19
10.0,0.1,hb,41,6.866488450043,0.948683298050514,0.001201683980976,1.8973538018496328e-19
10.0,0.1,hb,42,7.196856730011519,0.9486832980505139,0.0012145854229360473,1.8973538018496328e-19
10.0,0.1,hb,43,7.543120063354617,0.9486832980505137,0.0012284087871489568,1.3552527156068805e-19
10.0,0.1,hb,44,7.906043210907698,0.948683298050514,0.0012432394250598093,1.8973538018496328e-19
10.0,0.1,hb,45,8.286427728546842,0.9486832980505138,0.00125917319283205,1.6263032587282567e-19
10.0,0.1,hb,46,8.685113737513525,0.9486832980505138,0.0012763181202538596,1.8973538018496328e-19
10.0,0.1,hb,47,9.102981779915218,0.9486832980505139,0.0012947964089213078,2.710505431213761e-19
10.0,0.1,hb,48,9.54095476349994,0.9486832980505139,0.0013147468380790396,2.710505431213761e-19
10.0,0.1,hb,49,10.0,0.9486832980505137,0.0013363276785714293,2.168404344971009e-19
10.0,0.1,nag,0,1.0,0.8999999999999999,0.0005333804500598089,4.0657581468206416e-20
10.0,0.1,nag,1,1.0481131341546857,0.8975911195672994,0.0005221870037897221,1.0842021724855044e-19
10.0,0.1,nag,2,1.0985411419875581,0.89505938195246,0.0005109864174282167,8.809142651444724e-20
10.0,0.1,nag,3,1.1513953993264474,0.8923981253121389,0.0004997914228287719,1.3552527156068805e-20
10.0,0.1,nag,4,1.2067926406393286,0.8896002823417156,0.0004886148009264555,6.437450399132683e-20
10.0,0.1,nag,5,1.264855216855296,0.8866583504840087,0.0004774693297421894,1.3552527156068805e-20
10.0,0.1,nag,6,1.3257113655901092,0.8835643593405575,0.00046636773315607126,1.3552527156068805e-20
10.0,0.1,nag,7,1.3894954943731377,0.8803098349481379,0.0004553226310099953,7.453889935837843e-20
10.0,0.1,nag,8,1.4563484775012439,0.8768857605326293,0.000444346491094512,6.776263578034403e-21
10.0,0.1,nag,9,1.5264179671752334,0.8732825332927648,0.0004334515835636487,6.776263578034403e-20
10.0,0.1,nag,10,1.599858719606058,0.8694899166956768,0.00042264993830506113,1.3552527156068805e-20
10.0,0.1,nag,11,1.676832936811008,0.8654969876822272,0.00041195330577269845,3.3881317890172014e-20
10.0,0.1,nag,12,1.7575106248547918,0.861292078079828,0.00040137312176649056,2.710505431213761e-20
10.0,0.1,nag,13,1.842069969326716,0.8568627094001673,0.0003909204766201579,1.3552527156068805e-20
10.0,0.1,nag,14,1.93069772888325,0.8521955200542346,0.0003806060892361056,1.3552527156068805e-20
10.0,0.1,nag,15,2.023589647725157,0.8472761838413352,0.00037044028638775106,2.710505431213761e-20
10.0,0.1,nag,16,2.120950887920191,0.8420893183547591,0.00036043298769725704,4.0657581468206416e-20
10.0,0.1,nag,17,2.2229964825261948,0.8366183816846499,0.00035059369669357816,1.3552527156068805e-20
10.0,0.1,nag,18,2.329951810515372,0.830845555475635,0.00034093149836557287,6.776263578034403e-21
10.0,0.1,nag,19,2.442053094548651,0.8247516119963765,0.0003314550636520947,4.0657581468206416e-20
10.0,0.1,nag,20,2.5595479226995357,0.8183157623784609,0.0003221726613606765,4.0657581468206416e-20
10.0,0.1,nag,21,2.6826957952797255,0.8115154825539833,0.00031309217808527906,3.3881317890172014e-20
10.0,0.1,nag,22,2.8117686979742302,0.804326312625864,0.00030422114680993967,2.0328790734103208e-20
10.0,0.1,nag,23,2.9470517025518106,0.7967216243898098,0.0002955667850498629,1.3552527156068805e-20
10.0,0.1,nag,24,3.088843596477481,0.7886723504200123,0.0002871360436088415,1.3552527156068805e-20
10.0,0.1,nag,25,3.237457542817644,0.780146666432929,0.0002789356673410864,1.3552527156068805e-20
10.0,0.1,nag,26,3.393221771895328,0.7711096164161232,0.0002709722697226814,1.3552527156068805e-20
10.0,0.1,nag,27,3.5564803062231287,0.7615226670558917,0.00026325242359902023,2.710505431213761e-20
10.0,0.1,nag,28,3.72759372031494,0.7513431740367748,0.00025578277123006513,2.710505431213761e-20
10.0,0.1,nag,29,3.906939937054617,0.7405237374082513,0.0002485701577763009,1.3552527156068805e-20
10.0,0.1,nag,30,4.094915062380425,0.7290114158130598,0.000241621793756772,1.3552527156068805e-20
10.0,0.1,nag,31,4.2919342601287775,0.7167467590358608,0.00023494545391436437,2.710505431213761e-20
10.0,0.1,nag,32,4.498432668969445,0.7036626036622594,0.00022854972255956926,2.710505431213761e-20
10.0,0.1,nag,33,4.714866363457394,0.6896825554476744,0.00022244429915573252,0.0
10.0,0.1,nag,34,4.941713361323834,0.6747190507765843,0.0002166403831452456,1.3552527156068805e-20
10.0,0.1,nag,35,5.17947467923121,0.6586708425831458,0.0002111511645489668,2.710505431213761e-20
10.0,0.1,nag,36,5.428675439323859,0.6414196835620597,0.00020599245787639219,2.710505431213761e-20
10.0,0.1,nag,37,5.689866029018296,0.6228258644182603,0.00020118353323732885,4.0657581468206416e-20
10.0,0.1,nag,38,5.963623316594643,0.602722076504986,0.0001967482233020335,1.3552527156068805e-20
10.0,0.1,nag,39,6.250551925273971,0.5809047484100492,0.00019271642300807074,2.710505431213761e-20
10.0,0.1,nag,40,6.551285568595508,0.5571214399270632,0.00018912615936498946,0.0
10.0,0.1,nag,41,6.866488450043,0.5310518237386347,0.00018602650667465048,2.710505431213761e-20
10.0,0.1,nag,42,7.196856730011519,0.5022777063527339,0.00018348178575624646,2.710505431213761e-20
10.0,0.1,nag,43,7.543120063354617,0.47023312760596153,0.0001815777665899666,2.710505431213761e-20
10.0,0.1,nag,44,7.906043210907698,0.43411531995347413,0.0001804310944047618,2.710505431213761e-20
10.0,0.1,nag,45,8.286427728546842,0.3927104587743802,0.0001802040889817521,2.710505431213761e-20
10.0,0.1,nag,46,8.685113737513525,0.34400547033991,0.00018112887761102448,5.421010862427522e-20
10.0,0.1,nag,47,9.102981779915218,0.28413313746838875,0.0001835485502679608,2.710505431213761e-20
10.0,0.1,nag,48,9.54095476349994,0.20325863151415088,0.0001879912282428612,2.710505431213761e-20
10.0,0.1,nag,49,10.0,0.0,0.0001953125,0.0
1000.0,0.001,sgd,0,1.0,0.999,0.0009994773011505885,3.4304834363799164e-20
1000.0,0.001,sgd,1,1.1513953993264474,0.9988486046006736,0.0008679887867946691,2.541098841762901e-20
1000.0,0.001,sgd,2,1.3257113655901092,0.9986742886344099,0.0007537895482324856,2.668153783851046e-20
1000.0,0.001,sgd,3,1.5264179671752334,0.9984735820328248,0.0006546062471460474,4.658681209898652e-21
1000.0,0.001,sgd,4,1.7575106248547918,0.9982424893751453,0.000568464464080204,6.522153693858113e-20
1000.0,0.001,sgd,5,2.023589647725157,0.9979764103522748,0.0004936493941237969,1.0164395367051604e-20
1000.0,0.001,sgd,6,2.329951810515372,0.9976700481894847,0.00042867171067890157,2.668153783851046e-20
1000.0,0.001,sgd,7,2.6826957952797255,0.9973173042047203,0.00037223791777572454,1.2705494208814505e-20
1000.0,0.001,sgd,8,3.088843596477481,0.9969111564035226,0.00032322460074448106,3.5151867311053464e-20
1000.0,0.001,sgd,9,3.5564803062231287,0.9964435196937769,0.00028065606265756046,4.701032857261367e-20
1000.0,0.001,sgd,10,4.094915062380426,0.9959050849376195,0.00024368490135644562,2.964615315390051e-21
1000.0,0.001,sgd,11,4.714866363457394,0.9952851336365426,0.0002115751404148243,1.7364175418713157e-20
1000.0,0.001,sgd,12,5.428675439323859,0.9945713245606761,0.0001836875782303332,8.046812998915853e-21
1000.0,0.001,sgd,13,6.250551925273973,0.993749448074726,0.00015946706359321072,2.456395547037471e-20
1000.0,0.001,sgd,14,7.196856730011519,0.9928031432699885,0.0001384314444302912,3.8116482626443515e-21
1000.0,0.001,sgd,15,8.286427728546844,0.9917135722714532,0.00012016196973060791,8.470329472543003e-22
1000.0,0.001,sgd,16,9.54095476349994,0.9904590452365001,0.00010429495358735155,5.505714157152952e-21
1000.0,0.001,sgd,17,10.985411419875584,0.9890145885801244,9.051453541608376e-05,4.658681209898652e-21
1000.0,0.001,sgd,18,12.648552168552959,0.987351447831447,7.85463922311391e-05,3.3881317890172014e-21
1000.0,0.001,sgd,19,14.563484775012437,0.9854365152249875,6.815227781537834e-05,3.3881317890172014e-21
1000.0,0.001,sgd,20,16.768329368110084,0.9832316706318899,5.9125280080500236e-05,4.235164736271502e-21
1000.0,0.001,sgd,21,19.306977288832496,0.9806930227111675,5.12857022135404e-05,8.470329472543003e-22
1000.0,0.001,sgd,22,22.229964825261945,0.977770035174738,4.447748562499961e-05,0.0
1000.0,0.001,sgd,23,25.59547922699536,0.9744045207730047,3.8565103502566626e-05,2.541098841762901e-21
1000.0,0.001,sgd,24,29.4705170255181,0.9705294829744819,3.343086314675088e-05,1.6940658945086007e-21
1000.0,0.001,sgd,25,33.93221771895328,0.9660677822810467,2.89725634079545e-05,2.117582368135751e-21
1000.0,0.001,sgd,26,39.06939937054617,0.9609306006294538,2.5101460621263973e-05,1.2705494208814505e-21
1000.0,0.001,sgd,27,44.98432668969446,0.9550156733103056,2.1740502587345312e-05,1.6940658945086007e-21
1000.0,0.001,sgd,28,51.7947467923121,0.9482052532076879,1.8822795499022476e-05,3.3881317890172014e-21
1000.0,0.001,sgd,29,59.63623316594643,0.9403637668340535,1.6290273371846232e-05,4.235164736271502e-22
1000.0,0.001,sgd,30,68.66488450043002,0.9313351154995699,1.4092543598776488e-05,6.352747104407253e-22
1000.0,0.001,sgd,31,79.06043210907697,0.920939567890923,1.2185885799117075e-05,1.2705494208814505e-21
1000.0,0.001,sgd,32,91.02981779915217,0.9089701822008478,1.0532384247180481e-05,4.235164736271502e-22
1000.0,0.001,sgd,33,104.81131341546852,0.8951886865845314,9.099176918847469e-06,4.235164736271502e-22
1000.0,0.001,sgd,34,120.67926406393289,0.8793207359360671,7.857806654735873e-06,0.0
1000.0,0.001,sgd,35,138.94954943731375,0.8610504505626863,6.783662181259296e-06,8.470329472543003e-22
1000.0,0.001,sgd,36,159.98587196060572,0.8400141280393942,5.855498841168946e-06,0.0
1000.0,0.001,sgd,37,184.20699693267164,0.8157930030673284,5.055030973799118e-06,0.0
1000.0,0.001,sgd,38,212.09508879201903,0.787904911207981,4.366590110893577e-06,4.235164736271502e-22
1000.0,0.001,sgd,39,244.205309454865,0.755794690545135,3.776845766410021e-06,0.0
1000.0,0.001,sgd,40,281.1768697974231,0.7188231302025769,3.2745890214880615e-06,0.0
1000.0,0.001,sgd,41,323.74575428176433,0.6762542457182357,2.8505841006661256e-06,2.117582368135751e-22
1000.0,0.001,sgd,42,372.7593720314938,0.6272406279685062,2.497501146893131e-06,2.117582368135751e-22
1000.0,0.001,sgd,43,429.1934260128778,0.5708065739871222,2.2099573114499573e-06,2.117582368135751e-22
1000.0,0.001,sgd,44,494.1713361323833,0.5058286638676166,1.9847191379920667e-06,0.0
1000.0,0.001,sgd,45,568.9866029018293,0.43101339709817066,1.8211705500437456e-06,0.0
1000.0,0.001,sgd,46,655.1285568595509,0.34487144314044904,1.7222598188722776e-06,0.0
1000.0,0.001,sgd,47,754.3120063354615,0.24568799366453842,1.696389268098072e-06,0.0
1000.0,0.001,sgd,48,868.511373751352,0.131488626248648,1.7613420938777037e-06,2.117582368135751e-22
1000.0,0.001,sgd,49,1000.0,0.0,1.953125e-06,0.0
1000.0,0.001,hb,0,1.0,0.9888732142452201,0.00011727069623585161,7.199780051661553e-21
1000.0,0.001,hb,1,1.1513953993264474,0.9869277127916678,0.00010412260160546524,1.1858461261560205e-20
1000.0,0.001,hb,2,1.3257113655901092,0.9845651669745386,9.27035492050046e-05,4.235164736271502e-22
1000.0,0.001,hb,3,1.5264179671752334,0.9816479838228513,8.278622258425013e-05,8.893845946170154e-21
1000.0,0.001,hb,4,1.7575106248547918,0.9779506934732687,7.417319981860692e-05,1.6093625997831706e-20
1000.0,0.001,hb,5,2.023589647725157,0.9730425927889347,6.669302347933926e-05,1.0164395367051604e-20
1000.0,0.001,hb,6,2.329951810515372,0.9658027272059542,6.019678747433631e-05,4.235164736271502e-22
1000.0,0.001,hb,7,2.6826957952797255,0.9486832980505138,5.455517281481045e-05,8.470329472543003e-22
1000.0,0.001,hb,8,3.088843596477481,0.948683298050514,4.9655873300140554e-05,5.505714157152952e-21
1000.0,0.001,hb,9,3.5564803062231287,0.9486832980505138,4.540135987523827e-05,6.3527471044072525e-21
1000.0,0.001,hb,10,4.094915062380426,0.9486832980505138,4.170693915692972e-05,3.8116482626443515e-21
1000.0,0.001,hb,11,4.714866363457394,0.9486832980505137,3.8499067482102593e-05,2.964615315390051e-21
1000.0,0.001,hb,12,5.428675439323859,0.9486832980505138,3.571388691738023e-05,5.505714157152952e-21
1000.0,0.001,hb,13,6.250551925273973,0.9486832980505139,3.329595408916223e-05,4.235164736271502e-21
1000.0,0.001,hb,14,7.196856730011519,0.9486832980505139,3.11971365320123e-05,2.964615315390051e-21
1000.0,0.001,hb,15,8.286427728546844,0.948683298050514,2.9375654589074408e-05,8.470329472543003e-22
1000.0,0.001,hb,16,9.54095476349994,0.9486832980505139,2.7795249796936297e-05,1.2705494208814505e-21
1000.0,0.001,hb,17,10.985411419875584,0.9486832980505139,2.642446320694609e-05,4.658681209898652e-21
1000.0,0.001,hb,18,12.648552168552959,0.9486832980505138,2.5236009285727098e-05,3.3881317890172014e-21
1000.0,0.001,hb,19,14.563484775012437,0.9486832980505138,2.4206232943327352e-05,2.448454613156962e-22
1000.0,0.001,hb,20,16.768329368110084,0.9486832980505138,2.3314638896291426e-05,8.470329472543003e-22
1000.0,0.001,hb,21,19.306977288832496,0.9486832980505139,2.2543484018318194e-05,8.470329472543003e-22
1000.0,0.001,hb,22,22.229964825261945,0.9486832980505139,2.187742459233933e-05,3.3881317890172014e-21
1000.0,0.001,hb,23,25.59547922699536,0.9486832980505135,2.1303211480573914e-05,2.541098841762901e-21
1000.0,0.001,hb,24,29.4705170255181,0.9486832980505135,2.080942719624514e-05,1.6940658945086007e-21
1000.0,0.001,hb,25,33.93221771895328,0.9486832980505139,2.0386259712679095e-05,1.2705494208814505e-21
1000.0,0.001,hb,26,39.06939937054617,0.9486832980505138,2.0025308601119704e-05,1.2705494208814505e-21
1000.0,0.001,hb,27,44.98432668969446,0.9486832980505137,1.9719419765218108e-05,1.6940658945086007e-21
1000.0,0.001,hb,28,51.7947467923121,0.9486832980505137,1.9462545654593277e-05,1.0587911840678754e-22
1000.0,0.001,hb,29,59.63623316594643,0.9486832980505139,1.924962840904563e-05,4.235164736271502e-22
1000.0,0.001,hb,30,68.66488450043002,0.9486832980505139,1.9076503926926312e-05,1.0587911840678754e-21
1000.0,0.001,hb,31,79.06043210907697,0.9486832980505139,1.8939825386149408e-05,1.2705494208814505e-21
1000.0,0.001,hb,32,91.02981779915217,0.948683298050514,1.8837005298784482e-05,4.235164736271502e-22
1000.0,0.001,hb,33,104.81131341546852,0.948683298050514,1.876617578114968e-05,4.235164736271502e-22
1000.0,0.001,hb,34,120.67926406393289,0.948683298050514,1.8726167412378827e-05,1.6940658945086007e-21
1000.0,0.001,hb,35,138.94954943731375,0.9486832980505138,1.8716507893451043e-05,1.6940658945086007e-21
1000.0,0.001,hb,36,159.98587196060572,0.9486832980505139,1.873744278906468e-05,1.6940658945086007e-21
1000.0,0.001,hb,37,184.20699693267164,0.9486832980505139,1.8789982060138233e-05,1.6940658945086007e-21
1000.0,0.001,hb,38,212.09508879201903,0.9486832980505139,1.8875978062890208e-05,8.470329472543003e-22
1000.0,0.001,hb,39,244.205309454865,0.9486832980505139,1.8998243493146598e-05,1.6940658945086007e-21
1000.0,0.001,hb,40,281.1768697974231,0.9486832980505139,1.916072185534319e-05,1.1117307432712692e-21
1000.0,0.001,hb,41,323.74575428176433,0.9486832980505139,1.9368729188366272e-05,1.0058516248644817e-21
1000.0,0.001,hb,42,372.7593720314938,0.9486832980505135,1.9629295240394637e-05,1.2705494208814505e-21
1000.0,0.001,hb,43,429.1934260128778,0.9486832980505139,1.9951647198928994e-05,2.964615315390051e-21
1000.0,0.001,hb,44,494.1713361323833,0.9486832980505138,2.0347903227296247e-05,1.0587911840678754e-21
1000.0,0.001,hb,45,568.9866029018293,0.9486832980505138,2.0834083295261307e-05,3.5998900258307764e-21
1000.0,0.001,hb,46,655.1285568595509,0.9486832980505138,2.1431614029329236e-05,1.9058241313221758e-21
1000.0,0.001,hb,47,754.3120063354615,0.9486832980505138,2.2169627838455562e-05,2.541098841762901e-21
1000.0,0.001,hb,48,868.511373751352,0.9486832980505139,2.3088586253824285e-05,3.3881317890172014e-21
1000.0,0.001,hb,49,1000.0,0.9486832980505137,2.4246205357142866e-05,1.6940658945086007e-21
1000.0,0.001,nag,0,1.0,0.9889987484159392,0.0001179943483198252,7.199780051661553e-21
1000.0,0.001,nag,1,1.1513953993264474,0.9871054363807497,0.0001048198215848887,1.6940658945086007e-21
1000.0,0.001,nag,2,1.3257113655901092,0.9848212805078587,9.337042104881304e-05,4.235164736271502e-22
1000.0,0.001,nag,3,1.5264179671752334,0.9820266787797536,8.341826476412961e-05,1.8211208365967457e-20
1000.0,0.001,nag,4,1.7575106248547918,0.9785336853505417,7.476528833644308e-05,1.1011428314305904e-20
1000.0,0.001,nag,5,2.023589647725157,0.9740072452441055,6.7239305915593e-05,3.3881317890172014e-21
1000.0,0.001,nag,6,2.329951810515372,0.9676936548385247,6.069058749808478e-05,4.235164736271502e-22
1000.0,0.001,nag,7,2.6826957952797255,0.9563202308214854,5.4988884736995135e-05,5.929230630780102e-21
1000.0,0.001,nag,8,3.088843596477481,0.9472169977165582,5.002084647015209e-05,1.2705494208814505e-21
1000.0,0.001,nag,9,3.5564803062231287,0.9469948087103748,4.568777303971338e-05,4.235164736271502e-22
1000.0,0.001,nag,10,4.094915062380426,0.9467389167261783,4.190366534434494e-05,3.8116482626443515e-21
1000.0,0.001,nag,11,4.714866363457394,0.9464441981822744,3.85935305759438e-05,2.964615315390051e-21
1000.0,0.001,nag,12,5.428675439323859,0.9461047468988878,3.56919118640235e-05,5.505714157152952e-21
1000.0,0.001,nag,13,6.250551925273973,0.9457137533457219,3.3141613681968625e-05,2.541098841762901e-21
1000.0,0.001,nag,14,7.196856730011519,0.9452633648581701,3.089259894196162e-05,3.8116482626443515e-21
1000.0,0.001,nag,15,8.286427728546844,0.9447445236910917,2.89010372826237e-05,2.541098841762901e-21
1000.0,0.001,nag,16,9.54095476349994,0.9441467792207152,2.712848717884129e-05,1.2705494208814505e-21
1000.0,0.001,nag,17,10.985411419875584,0.9434580699332175,2.5541197199403655e-05,1.2705494208814505e-21
1000.0,0.001,nag,18,12.648552168552959,0.9426644700254181,2.4109514005279494e-05,1.5881867761018131e-22
1000.0,0.001,nag,19,14.563484775012437,0.9417498944531337,2.2807386497867213e-05,1.7867101231145398e-22
1000.0,0.001,nag,20,16.768329368110084,0.9406957550497933,2.1611956851491416e-05,8.470329472543003e-22
1000.0,0.001,nag,21,19.306977288832496,0.9394805588409219,2.0503229945340045e-05,2.541098841762901e-21
1000.0,0.001,nag,22,22.229964825261945,0.9380794378181757,1.9463812897158227e-05,3.3881317890172014e-21
1000.0,0.001,nag,23,25.59547922699536,0.9364635971011924,1.8478715969381985e-05,8.470329472543003e-22
1000.0,0.001,nag,24,29.4705170255181,0.9345996654595131,1.753520509767579e-05,1.6940658945086007e-21
1000.0,0.001,nag,25,33.93221771895328,0.932448928388543,1.6622694800191947e-05,4.235164736271502e-22
1000.0,0.001,nag,26,39.06939937054617,0.9299664190531337,1.573266849983493e-05,4.235164736271502e-22
1000.0,0.001,nag,27,44.98432668969446,0.9270998360366993,1.485861169964694e-05,1.6940658945086007e-21
1000.0,0.001,nag,28,51.7947467923121,0.923788248402695,1.3995942474357613e-05,5.293955920339377e-23
1000.0,0.001,nag,29,59.63623316594643,0.91996053727899,1.3141923909568992e-05,4.235164736271502e-22
1000.0,0.001,nag,30,68.66488450043002,0.9155335078245979,1.2295544901847165e-05,1.0587911840678754e-21
1000.0,0.001,nag,31,79.06043210907697,0.9104095842541591,1.145735938944489e-05,4.235164736271502e-22
1000.0,0.001,nag,32,91.02981779915217,0.904473970869678,1.0629279530379293e-05,4.235164736271502e-22
1000.0,0.001,nag,33,104.81131341546852,0.8975911195672994,9.814325072708656e-06,4.235164736271502e-22
1000.0,0.001,nag,34,120.67926406393289,0.8896002823417156,9.016338266637335e-06,8.470329472543003e-22
1000.0,0.001,nag,35,138.94954943731375,0.8803098349481377,8.239680014687877e-06,3.705769144237564e-22
1000.0,0.001,nag,36,159.98587196060572,0.8694899166956767,7.488927454937577e-06,1.0587911840678754e-22
1000.0,0.001,nag,37,184.20699693267164,0.8568627094001673,6.768595093940878e-06,1.5881867761018131e-22
1000.0,0.001,nag,38,212.09508879201903,0.8420893183547592,6.082900844137893e-06,1.3234889800848443e-22
1000.0,0.001,nag,39,244.205309454865,0.8247516119963765,5.435595536585975e-06,1.852884572118782e-22
1000.0,0.001,nag,40,281.1768697974231,0.804326312625864,4.8298711448849254e-06,2.117582368135751e-22
1000.0,0.001,nag,41,323.74575428176433,0.7801466664329293,4.268361441287057e-06,4.235164736271502e-22
1000.0,0.001,nag,42,372.7593720314938,0.7513431740367751,3.7532529004882924e-06,4.235164736271502e-22
1000.0,0.001,nag,43,429.1934260128778,0.7167467590358608,3.2865404461474902e-06,2.117582368135751e-22
1000.0,0.001,nag,44,494.1713361323833,0.6747190507765842,2.870508292058761e-06,2.117582368135751e-22
1000.0,0.001,nag,45,568.9866029018293,0.6228258644182607,2.508634515905585e-06,1.0587911840678754e-22
1000.0,0.001,nag,46,655.1285568595509,0.5571214399270631,2.2074459501443465e-06,1.0587911840678754e-22
1000.0,0.001,nag,47,754.3120063354615,0.4702331276059617,1.9808861843378656e-06,4.235164736271502e-22
1000.0,0.001,nag,48,868.511373751352,0.34400547033991064,1.8627368425266463e-06,2.117582368135751e-22
1000.0,0.001,nag,49,1000.0,0.0,1.953125e-06,0.0
